{
    "latitude_start": 55.755299,
    "longitude_start": 37.521821,
    "latitude_finish": 64.52548,
    "longitude_finish": 40.508721
}